{
  "patch_name": "Scissors_001_patch_00010",
  "pred_position": [
    0.011384811252355576,
    0.0008389614522457123,
    0.008096623234450817
  ],
  "gt_position": [
    0.010640972293913364,
    -0.0007150454330258071,
    0.006111521273851395
  ],
  "error_meters": 0.0026284719351679087,
  "error_mm": 2.6284719351679087,
  "complete_model": "../../touch_processed_data/Scissors/bigpointcloud_001.ply"
}