{
  "patch_name": "best_Scissors_002_patch_00017",
  "pred_position": [
    0.011486213654279709,
    0.0008412408642470837,
    0.008210455067455769
  ],
  "gt_position": [
    0.011217554099857807,
    0.0010012844577431679,
    0.007794690318405628
  ],
  "error_meters": 0.0005202424766914374,
  "error_mm": 0.5202424766914374,
  "complete_model": "../../touch_processed_data/Scissors/bigpointcloud_002.ply"
}