{
  "category": "Scissors",
  "total_samples": 250,
  "successful_samples": 250,
  "failed_samples": [],
  "statistics": {
    "mean_error_mm": 3.988570091081783,
    "median_error_mm": 3.4857821883633733,
    "std_error_mm": 2.506401695905136,
    "min_error_mm": 0.5202424945309758,
    "max_error_mm": 11.568181216716766,
    "percentile_25_mm": 2.0012505119666457,
    "percentile_75_mm": 5.440391483716667
  },
  "best_sample": {
    "name": "Scissors_002_patch_00017",
    "error_mm": 0.5202424945309758,
    "pred_position": [
      0.011486213654279709,
      0.0008412408642470837,
      0.008210455067455769
    ],
    "gt_position": [
      0.011217554099857807,
      0.0010012844577431679,
      0.007794690318405628
    ]
  },
  "worst_sample": {
    "name": "Scissors_003_patch_00039",
    "error_mm": 11.568181216716766,
    "pred_position": [
      0.01143851038068533,
      0.0008273543789982796,
      0.008157292380928993
    ],
    "gt_position": [
      0.01700536347925663,
      0.000472951156552881,
      0.018291756510734558
    ]
  },
  "median_sample": {
    "name": "Scissors_003_patch_00012",
    "error_mm": 3.4855599515140057,
    "pred_position": [
      0.011498276144266129,
      0.0008284721989184618,
      0.008248717524111271
    ],
    "gt_position": [
      0.014036494307219982,
      0.0006927382783032954,
      0.010633702389895916
    ]
  }
}