{
  "patch_name": "worst_Scissors_003_patch_00039",
  "pred_position": [
    0.01143851038068533,
    0.0008273543789982796,
    0.008157292380928993
  ],
  "gt_position": [
    0.01700536347925663,
    0.000472951156552881,
    0.018291756510734558
  ],
  "error_meters": 0.01156818128590092,
  "error_mm": 11.56818128590092,
  "complete_model": "../../touch_processed_data/Scissors/bigpointcloud_003.ply"
}