{
  "category": "Scissors",
  "total_samples": 999,
  "successful_samples": 999,
  "failed_samples": [],
  "statistics": {
    "mean_error_mm": 3.1931593167232917,
    "median_error_mm": 2.8866946697235107,
    "std_error_mm": 1.807169149786503,
    "min_error_mm": 0.12705157697200775,
    "max_error_mm": 9.710115432739258
  },
  "best_sample": {
    "name": "Scissors_003_c00130",
    "error_mm": 0.12705157697200775
  },
  "worst_sample": {
    "name": "Scissors_002_c00174",
    "error_mm": 9.710115432739258
  },
  "median_sample": {
    "name": "Scissors_001_c00173",
    "error_mm": 2.8866946697235107
  }
}