{
  "patch_name": "worst_Scissors_004_s00013",
  "pred_position": [
    0.012000766582787037,
    -0.00015820562839508057,
    0.008767622523009777
  ],
  "gt_position": [
    0.014775325544178486,
    -8.928845636546612e-05,
    0.012854564934968948
  ],
  "error_meters": 0.004940245468143137,
  "error_mm": 4.940245468143138,
  "complete_model": "../../touch_processed_data/Scissors/bigpointcloud_004.ply"
}